,text,label
27,Stefon Diggs has 12 targets per game – lock.,analysis
15,George Kittle has 8 targets in the red zone – TE1.,analysis
23,I can't believe I won that game.,reaction
17,I don't trust any Seahawks RB – messy.,hot_take
8,I just lost by 0.2 – I can't.,reaction
9,I'm so excited for the new season!,reaction
29,Start Taysom Hill at TE – sleeper.,hot_take
24,Jonathan Taylor has 4.5 YPC – good.,analysis
12,Start your studs – it's simple.,hot_take
0,I'm so frustrated with this team.,reaction
4,Fade all Panthers – they're terrible.,hot_take
16,Never listen to analysts – they're wrong.,hot_take
5,Trade away Kelce – age is catching up.,hot_take
13,I just had a heart attack watching that play.,reaction
11,Travis Kelce is the TE1 – no doubt.,analysis
22,Just won by 0.1 – unreal!,reaction
1,I'm starting to think CMC is just a regular RB – his YPC is down.,hot_take
2,Start the Bills D/ST – they're playing the Jets.,analysis
25,DeAndre Hopkins has 10 targets – WR1.,analysis
3,Michael Pittman Jr. has 25% target share – WR1 volume.,analysis
21,Jamaal Williams leads the league in goal-line carries – TD machine.,analysis
26,Just lost my starter – season over.,reaction
18,Don't draft a WR in the first round – RB all day.,hot_take
30,"Wow, just saw the news – no more injuries, please!",reaction
20,Deebo Samuel has 8 carries per game – unique.,analysis
7,Rhamondre Stevenson has 18 carries – workhorse.,analysis
10,Tyreek Hill has 10 catches per game – WR1.,analysis
14,Cooper Kupp is a league winner – book it.,hot_take
28,Mahomes is 0-5 against the blitz – he's overrated.,hot_take
19,Drake London has 9 targets per game – volume is there.,analysis
