text,label
"Derrick Henry has averaged 4.9 YPC against top-10 run defenses this year. With the Titans' offensive line healthy, he's a must-start.",analysis
"In PPR, Ekeler's target share (22%) and red-zone carries make him a top-5 RB regardless of matchup.",analysis
"Mahomes is 0-5 against the blitz – he's overrated.",hot_take
"Drafting CMC at #1 overall is a trap – he'll get injured again.",hot_take
"OMG, Breece Hall just tore his ACL – my season is over.",reaction
"What a catch by Jefferson! That's why he's the WR1.",reaction
"Start Tua over Josh Allen this week – trust me.",hot_take
"Justin Jefferson averages 12.3 targets per game when the Vikings are trailing – that's elite volume.",analysis
"I just traded away Kelce – feeling anxious.",reaction
"Should I drop Akers? He hasn't scored in 4 games.",analysis
"CMC is a beast – best RB ever.",hot_take
"Devastated – I lost by 0.5 points on that last play.",reaction
"According to PFF, Tyreek Hill has the highest separation rate among WRs. That's why he's WR1.",analysis
"Always start your studs – that's my philosophy.",hot_take
"Just saw the news – no more injuries, please!",reaction
"Saquon Barkley's broken tackle rate is 0.29 – elite. He should be top-5.",analysis
"Buy low on DeAndre Hopkins – his target share is still elite.",analysis
"Kyler Murray is a bust – I'm dropping him.",hot_take
"Can't believe I lost because of that fumble.",reaction
"Zach Wilson has a 5.0 QBR – he's done.",hot_take
"I'm starting to think CMC is just a regular RB – his YPC is down.",hot_take
"Wow, just saw the news – no more injuries, please!",reaction
"Should I drop Akers? He hasn't scored in 4 games.",analysis
"I think I should trade for Kelce.",analysis
"This season is over.",reaction
"Jonathan Taylor has the most carries inside the 5 – goal-line back.",analysis
"Start Rhamondre Stevenson over Aaron Jones in PPR – the Patriots have a weaker run D.",analysis
"Cooper Kupp is a league winner – book it.",hot_take
"Just got the notification – Josh Allen is out!",reaction
"Jalen Hurts has 10 rushing TDs – that's insane.",analysis
"Travis Kelce is old – fade him.",hot_take
"I'm so hyped for the playoffs!",reaction
"Tua's deep ball accuracy is 62% – that's top-5.",analysis
"Every year, people overrate rookie RBs – avoid them.",hot_take
"Lost my championship because of that last play – I'm done.",reaction
"Davante Adams has a 28% target share – must-start.",analysis
"I don't trust any Cowboys RB – committee.",hot_take
"Yes! My team finally won!",reaction
"James Conner's workload is massive – top-10 RB.",analysis
"Start your studs – always.",hot_take
"I can't believe I drafted CEH again.",reaction
"Christian Kirk has a 21% target share with Lawrence – solid flex.",analysis
"Never draft a RB coming off ACL surgery – trap.",hot_take
"Just lost by 1 point – I'm sick.",reaction
"Gabe Davis has 12 targets in 2 games – breakout.",analysis
"Always sell high after a big game – trust me.",hot_take
"I'm so excited for Monday night!",reaction
"Patriots D/ST is a top-5 play this week – they face the Jets.",analysis
"Don't overthink it – start your best players.",hot_take
"My heart can't take this anymore.",reaction
"Stefon Diggs has 6 TDs in his last 5 games – elite.",analysis
"Trade away Davante Adams – he's old.",hot_take
"Just scored 180 points – I'm unstoppable!",reaction
"Lamar Jackson's rushing floor makes him a top-3 QB.",analysis
"Never trust a Chargers RB – always injured.",hot_take
"I can't believe that interception – game over.",reaction
"Brandon Aiyuk leads the NFL in separation – stud.",analysis
"Start any RB against the Texans – easy.",hot_take
"I'm so nervous for tonight's game.",reaction
"Drake London has 9 targets per game – volume is there.",analysis
"I'm selling high on Tua – he's not sustainable.",hot_take
"Just got a notification – my opponent's RB is out!",reaction
"Rhamondre Stevenson has 22 carries per game – workhorse.",analysis
"CMC is a trap – avoid.",hot_take
"I'm going to lose my mind if I lose again.",reaction
"George Kittle has 8 targets in the red zone – TE1.",analysis
"Always punt on kickers – waste of pick.",hot_take
"Just won by 0.1 – unreal!",reaction
"Tony Pollard has 5.8 YPC – explosive.",analysis
"Start the Lions D/ST – they're playing the Panthers.",analysis
"Don't draft a QB early – wait.",hot_take
"I'm so mad I lost to the last-place team.",reaction
"Travis Kelce is on pace for 110 catches – TE1.",analysis
"Trade away Kelce – age is catching up.",hot_take
"I just dropped 180 points – amazing!",reaction
"Breece Hall has 4.2 YPC – solid RB2.",analysis
"I don't trust any Seahawks RB – messy.",hot_take
"Lost by 30 – I'm devastated.",reaction
"Kirk Cousins has 300+ yards in 3 games – reliable.",analysis
"Start Taysom Hill at TE – sleeper.",hot_take
"Just scored a touchdown – I'm going crazy!",reaction
"Jamaal Williams leads the league in goal-line carries – TD machine.",analysis
"Always fade the Raiders backfield – unpredictable.",hot_take
"I just won my matchup – yes!",reaction
"Garrett Wilson has 12 targets – breakout WR2.",analysis
"Never draft a rookie QB – bust.",hot_take
"I'm so frustrated with this team.",reaction
"Deebo Samuel has 10 carries per game – unique weapon.",analysis
"Start your studs – no doubts.",hot_take
"I just lost by 0.2 – I can't.",reaction
"Michael Pittman Jr. has 25% target share – WR1 volume.",analysis
"Trade for Christian McCaffrey – he's undervalued.",hot_take
"I'm so happy I made the playoffs!",reaction
"Tyler Lockett has 6 TDs in 4 games – red-zone threat.",analysis
"I don't trust any Rams receivers – too many options.",hot_take
"I'm going to win it all – I feel it.",reaction
"Josh Jacobs has 20 carries per game – workhorse.",analysis
"Start any RB against the Cardinals – easy.",hot_take
"Just lost my starter – season over.",reaction
"Jalen Hurts has 10 rushing TDs – QB1.",analysis
"Never trust a Patriots RB – Belichick.",hot_take
"I'm so excited for Sunday!",reaction
"Derrick Henry has 4.7 YPC – still elite.",analysis
"Fade the entire Jets offense – they're bad.",hot_take
"Just got a huge trade offer – I'm shocked.",reaction
"Stefon Diggs has 12 targets per game – lock.",analysis
"Always start the best player – simple.",hot_take
"I'm so nervous about my lineup.",reaction
"Justin Herbert has 300+ yards in 5 games – must-start.",analysis
"Start a WR against the Saints – no.",hot_take
"I can't believe I won that game.",reaction
"Keenan Allen has 10 catches per game – PPR beast.",analysis
"Trade away Justin Jefferson – he's overrated.",hot_take
"I just lost my championship – I'm broken.",reaction
"Cooper Kupp has 14 targets – WR1.",analysis
"Never trust a rookie TE – wait.",hot_take
"I'm so pumped for Monday!",reaction
"Ezekiel Elliott has 14 carries per game – decent RB2.",analysis
"Start the Bears D/ST against the Lions – maybe.",hot_take
"Just found out my player is out – I'm ruined.",reaction
"Mike Evans has 8 TDs – red-zone threat.",analysis
"Fade all Cowboys – they're overhyped.",hot_take
"I'm so upset I lost by 1.",reaction
"CMC has 25 touches per game – elite volume.",analysis
"Don't draft a WR in the first round – RB all day.",hot_take
"Just got a notification – my opponent traded for a star.",reaction
"Nick Chubb has 5.1 YPC – consistent.",analysis
"Start whoever is against the Texans – easy.",hot_take
"I can't believe I missed the playoffs.",reaction
"Trey Lance has rushing upside – sleeper.",analysis
"Always trust your gut – fantasy is random.",hot_take
"I'm so excited for the new season!",reaction
"Aaron Jones has 12 carries per game – flex.",analysis
"Start the Colts D/ST – they're playing the Panthers.",analysis
"Never listen to analysts – they're wrong.",hot_take
"I just lost my star player – I'm done.",reaction
"Travis Kelce is the TE1 – no doubt.",analysis
"Trade for a QB – streaming is risky.",hot_take
"I'm so nervous about draft day.",reaction
"Saquon Barkley has 5.2 YPC – stud.",analysis
"Fade all Saints receivers – they're bad.",hot_take
"Just found out I'm playing the top team – I'm scared.",reaction
"Justin Jefferson has 11 targets per game – elite.",analysis
"Start any RB against the Raiders – yes.",hot_take
"I can't believe I dropped 150 points.",reaction
"Dalvin Cook has 18 carries per game – RB1.",analysis
"Never draft a player with injury history – avoid.",hot_take
"I'm so happy I made a good trade.",reaction
"Tyreek Hill has 10 catches per game – WR1.",analysis
"Start the Ravens D/ST – they're playing the Browns.",analysis
"Always pick BPA – don't reach.",hot_take
"Just lost by 50 – I'm trash.",reaction
"Joe Mixon has 15 carries per game – solid RB2.",analysis
"Fade all Chiefs receivers – too many mouths.",hot_take
"I'm so mad at my team.",reaction
"Mark Andrews has 8 targets per game – TE1.",analysis
"Start Tua against the Broncos – yes.",hot_take
"I just won the championship – I'm the best!",reaction
"DK Metcalf has 10 targets per game – WR2.",analysis
"Never trust any Giants offensive player – bad.",hot_take
"I'm so sad I lost.",reaction
"Deebo Samuel has 8 carries per game – unique.",analysis
"Start your studs – it's simple.",hot_take
"I just had a heart attack watching that play.",reaction
"Cooper Kupp has 12 targets – must-start.",analysis
"Fade all Patriots – they're average.",hot_take
"I'm so relieved I made the playoffs.",reaction
"Jonathan Taylor has 4.5 YPC – good.",analysis
"Start the Bills D/ST – they're playing the Jets.",analysis
"Always draft a top QB – trust me.",hot_take
"I just got a win by 0.5 – insane!",reaction
"Chris Godwin has 9 targets – solid flex.",analysis
"Never trust a Colts RB – committee.",hot_take
"I'm so angry I lost that trade.",reaction
"Christian Kirk has 6 catches per game – flex.",analysis
"Start the 49ers D/ST – they're playing the Seahawks.",analysis
"Always start your studs – don't overthink.",hot_take
"I just found out my star is injured – I'm devastated.",reaction
"Alvin Kamara has 14 carries – decent RB2.",analysis
"Fade all Chargers – they're inconsistent.",hot_take
"I'm so excited for the season!",reaction
"Jamaal Williams has 10 TDs – TD machine.",analysis
"Start the Bengals D/ST – they're playing the Browns.",analysis
"Never start a player on Thursday – avoid.",hot_take
"I just lost by 2 points – I'm crushed.",reaction
"Rhamondre Stevenson has 18 carries – workhorse.",analysis
"Fade all Panthers – they're terrible.",hot_take
"I'm so happy I won.",reaction
"Mike Evans has 8 targets per game – WR2.",analysis
"Start the Eagles D/ST – they're playing the Commanders.",analysis
"Always take the best player available.",hot_take
"I just traded away my best player – I'm nervous.",reaction
"DeAndre Hopkins has 10 targets – WR1.",analysis
"Fade all Bears – they're bad.",hot_take
"I'm so relieved I made a good pick.",reaction
"Patriots D/ST is a top-5 play – they face the Jets.",analysis
"Start your studs – always.",hot_take
"I just can't believe I won.",reaction
"Jalen Hurts has 25 points per game – QB1.",analysis
"Never draft a RB in the first round – reach.",hot_take
"I'm so anxious about my lineup.",reaction
"Travis Kelce is the TE1 – no question.",analysis
"Start the Chiefs D/ST – they're playing the Broncos.",analysis
"Always trust your gut – ignore experts.",hot_take
"I just lost my star – I'm done.",reaction